{
  "project_info": {
    "project_number": "728243388831",
    "project_id": "finalproject-e76a7",
    "storage_bucket": "finalproject-e76a7.appspot.com"
  },
  "client": [
    {
      "client_info": {
        "mobilesdk_app_id": "1:728243388831:android:f79a5f03166a3dafacfdaa",
        "android_client_info": {
          "package_name": "com.example.movieapp"
        }
      },
      "oauth_client": [
        {
          "client_id": "728243388831-8saqd0id9537shmkglj2muka47i7hbb1.apps.googleusercontent.com",
          "client_type": 3
        }
      ],
      "api_key": [
        {
          "current_key": "AIzaSyCZrsGRDb7B2CJrlInkJXPfh8PuEoxUuxo"
        }
      ],
      "services": {
        "appinvite_service": {
          "other_platform_oauth_client": [
            {
              "client_id": "728243388831-8saqd0id9537shmkglj2muka47i7hbb1.apps.googleusercontent.com",
              "client_type": 3
            }
          ]
        }
      }
    }
  ],
  "configuration_version": "1"
}